{"cameraMode":{"drawMode":0,"name":"Shaded","section":"Shading Mode"},"sceneLighting":false,"audioPlay":false,"sceneViewState":{"showFog":true,"showMaterialUpdate":false,"showSkybox":true,"showFlares":true,"showImageEffects":true,"showParticleSystems":true},"in2DMode":false,"pivot":{"x":0.0009145736694335938,"y":2.8205323219299318,"z":-0.2594794034957886},"rotation":{"x":-0.10639547556638718,"y":0.8861579895019531,"z":-0.37394165992736819,"w":-0.25213420391082766},"size":15.574569702148438,"orthographic":false}