{"cameraMode":{"drawMode":0,"name":"Shaded","section":"Shading Mode"},"sceneLighting":true,"audioPlay":false,"sceneViewState":{"showFog":true,"showMaterialUpdate":false,"showSkybox":true,"showFlares":true,"showImageEffects":true,"showParticleSystems":true},"in2DMode":false,"pivot":{"x":260.157958984375,"y":12.030708312988282,"z":128.20770263671876},"rotation":{"x":0.4371899962425232,"y":0.06868699938058853,"z":-0.033510398119688037,"w":0.8961168527603149},"size":42.154273986816409,"orthographic":false}