{"cameraMode":{"drawMode":0,"name":"Shaded","section":"Shading Mode"},"sceneLighting":false,"audioPlay":false,"sceneViewState":{"showFog":true,"showMaterialUpdate":false,"showSkybox":true,"showFlares":true,"showImageEffects":true,"showParticleSystems":true},"in2DMode":false,"pivot":{"x":0.005781479179859161,"y":0.03883467614650726,"z":0.008963286876678467},"rotation":{"x":0.4371899962425232,"y":0.06868699938058853,"z":-0.033510398119688037,"w":0.8961168527603149},"size":0.8195331692695618,"orthographic":false}