{"cameraMode":{"drawMode":0,"name":"Shaded","section":"Shading Mode"},"sceneLighting":false,"audioPlay":false,"sceneViewState":{"showFog":true,"showMaterialUpdate":false,"showSkybox":true,"showFlares":true,"showImageEffects":true,"showParticleSystems":true},"in2DMode":false,"pivot":{"x":249.6694793701172,"y":2.82053279876709,"z":136.63092041015626},"rotation":{"x":0.4371899962425232,"y":0.06868699938058853,"z":-0.033510398119688037,"w":0.8961168527603149},"size":15.574578285217286,"orthographic":false}