{"cameraMode":{"drawMode":0,"name":"Shaded","section":"Shading Mode"},"sceneLighting":false,"audioPlay":false,"sceneViewState":{"showFog":true,"showMaterialUpdate":false,"showSkybox":true,"showFlares":true,"showImageEffects":true,"showParticleSystems":true},"in2DMode":false,"pivot":{"x":254.34288024902345,"y":-5.053463935852051,"z":172.08067321777345},"rotation":{"x":0.4371899962425232,"y":0.06868699938058853,"z":-0.033510398119688037,"w":0.8961168527603149},"size":221.5083770751953,"orthographic":false}